seg_id_nat,.width,.lower,.upper,temp,.point
1435,0.9,33.055836129188535,42.883123588562015,37.43029050827026,median
1435,0.8,33.905343651771545,41.41569004058838,37.43029050827026,median
1435,0.7,34.622409915924074,40.661415100097656,37.43029050827026,median
1435,0.6,35.15018754005432,40.05558776855469,37.43029050827026,median
1435,0.5,35.62432827949524,39.487224674224855,37.43029050827026,median
1435,0.4,35.97918753623962,38.91824402809143,37.43029050827026,median
1435,0.3,36.35813860893249,38.53530912399292,37.43029050827026,median
1435,0.2,36.785814476013186,38.167025089263916,37.43029050827026,median
1435,0.1,37.067017269134524,37.79487180709839,37.43029050827026,median
1436,0.9,32.37763464450836,41.1960973739624,36.432991123199464,median
1436,0.8,33.225673174858095,40.04345817565918,36.432991123199464,median
1436,0.7,33.895011353492734,39.24774932861328,36.432991123199464,median
1436,0.6,34.29026081562042,38.639556074142455,36.432991123199464,median
1436,0.5,34.69489779472351,38.21894235610962,36.432991123199464,median
1436,0.4,35.08990693092346,37.80569291114807,36.432991123199464,median
1436,0.3,35.499515008926394,37.424513244628905,36.432991123199464,median
1436,0.2,35.80883293151855,37.09935827255249,36.432991123199464,median
1436,0.1,36.091006469726565,36.73897194862366,36.432991123199464,median
1437,0.9,32.60244474411011,42.00451002120972,36.710762405395506,median
1437,0.8,33.547247076034544,40.821166610717775,36.710762405395506,median
1437,0.7,34.15589394569397,39.87971210479736,36.710762405395506,median
1437,0.6,34.625469994544986,39.27465810775757,36.710762405395506,median
1437,0.5,35.00371189117432,38.725110387802125,36.710762405395506,median
1437,0.4,35.36416709423065,38.24117379188537,36.710762405395506,median
1437,0.3,35.68080401420593,37.80888838768006,36.710762405395506,median
1437,0.2,36.004071140289305,37.46280918121338,36.710762405395506,median
1437,0.1,36.356038331985474,37.105168151855466,36.710762405395506,median
1438,0.9,33.81003296375275,48.79346771240235,38.831507396698,median
1438,0.8,34.89984045028687,45.48324155807495,38.831507396698,median
1438,0.7,35.49683151245117,43.83198013305664,38.831507396698,median
1438,0.6,36.016486120224,42.739527988433835,38.831507396698,median
1438,0.5,36.59502573013306,41.76462097167969,38.831507396698,median
1438,0.4,37.08268222808838,41.075242614746095,38.831507396698,median
1438,0.3,37.50630259513855,40.405386447906494,38.831507396698,median
1438,0.2,37.96049156188965,39.852693462371825,38.831507396698,median
1438,0.1,38.4098014831543,39.35703411102295,38.831507396698,median
1439,0.9,32.03204510211945,43.162539386749266,35.266441988945004,median
1439,0.8,32.655569756031035,40.41216278076172,35.266441988945004,median
1439,0.7,33.06378254890442,39.10361728668213,35.266441988945004,median
1439,0.6,33.395691108703616,38.20366749763489,35.266441988945004,median
1439,0.5,33.71979465484619,37.46698956489563,35.266441988945004,median
1439,0.4,33.992152380943295,36.9192554473877,35.266441988945004,median
1439,0.3,34.29235401153564,36.42748293876648,35.266441988945004,median
1439,0.2,34.627558040618894,35.90535297393799,35.266441988945004,median
1439,0.1,34.95481672286987,35.555499792099,35.266441988945004,median
1440,0.9,32.126932644844054,39.39645357131958,34.99540691375732,median
1440,0.8,32.7792086482048,38.25559549331665,34.99540691375732,median
1440,0.7,33.16644141674042,37.49554328918457,34.99540691375732,median
1440,0.6,33.495452761650085,36.984865713119504,34.99540691375732,median
1440,0.5,33.78968873023987,36.506971168518064,34.99540691375732,median
1440,0.4,34.04486207962036,36.1655731678009,34.99540691375732,median
1440,0.3,34.30166578292847,35.837009859085086,34.99540691375732,median
1440,0.2,34.51771535873413,35.53032007217407,34.99540691375732,median
1440,0.1,34.773171949386594,35.235904932022095,34.99540691375732,median
1441,0.9,31.76274938583374,40.436390209197995,35.67495636940002,median
1441,0.8,32.63661866188049,39.33709478378296,35.67495636940002,median
1441,0.7,33.28438823223114,38.597456550598146,35.67495636940002,median
1441,0.6,33.7435019493103,38.00497417449951,35.67495636940002,median
1441,0.5,34.054521036148074,37.54267120361328,35.67495636940002,median
1441,0.4,34.42731440067291,37.08962678909302,35.67495636940002,median
1441,0.3,34.74631531238556,36.73381867408752,35.67495636940002,median
1441,0.2,35.03971893787384,36.33412790298462,35.67495636940002,median
1441,0.1,35.37599606513977,36.01332583427429,35.67495636940002,median
1442,0.9,32.50163359642029,43.01780738830566,36.518018865585326,median
1442,0.8,33.20750957727432,41.19085140228272,36.518018865585326,median
1442,0.7,33.74900734424591,40.18024311065674,36.518018865585326,median
1442,0.6,34.187977242469785,39.53889045715332,36.518018865585326,median
1442,0.5,34.58747940063476,38.85253806114197,36.518018865585326,median
1442,0.4,35.006517267227174,38.32288932800293,36.518018865585326,median
1442,0.3,35.37558279037476,37.850717544555664,36.518018865585326,median
1442,0.2,35.724045515060425,37.377321815490724,36.518018865585326,median
1442,0.1,36.107534885406494,36.94181261062622,36.518018865585326,median
1443,0.9,32.54993953704834,42.77716474533081,36.13533458709717,median
1443,0.8,33.33378272056579,41.167214488983156,36.13533458709717,median
1443,0.7,33.79401223659515,39.981590557098386,36.13533458709717,median
1443,0.6,34.18533344268799,39.180997943878175,36.13533458709717,median
1443,0.5,34.503582048416135,38.59259166717529,36.13533458709717,median
1443,0.4,34.82387170791626,37.99695587158203,36.13533458709717,median
1443,0.3,35.15315492153168,37.470282030105594,36.13533458709717,median
1443,0.2,35.460305190086366,36.898404598236084,36.13533458709717,median
1443,0.1,35.793693685531615,36.48391189575195,36.13533458709717,median
1444,0.9,32.00593433380127,40.34111213684082,35.523315858840945,median
1444,0.8,32.76181795597076,39.15080828666687,35.523315858840945,median
1444,0.7,33.18867242336273,38.34889602661133,35.523315858840945,median
1444,0.6,33.54563635587692,37.79539709091186,35.523315858840945,median
1444,0.5,33.9000910282135,37.32136578559876,35.523315858840945,median
1444,0.4,34.24848895072937,36.92531766891479,35.523315858840945,median
1444,0.3,34.57724666595459,36.48194036483765,35.523315858840945,median
1444,0.2,34.90273358821869,36.14686336517334,35.523315858840945,median
1444,0.1,35.17966179847717,35.82725133895874,35.523315858840945,median
1445,0.9,33.41358938217163,45.5348575592041,38.54886693954468,median
1445,0.8,34.56123538017273,43.57452583312988,38.54886693954468,median
1445,0.7,35.26830365657806,42.503760528564456,38.54886693954468,median
1445,0.6,35.90907588005066,41.64802770614624,38.54886693954468,median
1445,0.5,36.34057722091675,40.939474773406985,38.54886693954468,median
1445,0.4,36.740212202072144,40.34654521942139,38.54886693954468,median
1445,0.3,37.1893611907959,39.89369220733643,38.54886693954468,median
1445,0.2,37.65774526596069,39.470087718963626,38.54886693954468,median
1445,0.1,38.13909020423889,38.981405544281,38.54886693954468,median
1446,0.9,32.292442965507504,42.967801570892334,36.2230260848999,median
1446,0.8,32.97990837097168,41.45166597366333,36.2230260848999,median
1446,0.7,33.53988162279129,40.35147705078125,36.2230260848999,median
1446,0.6,33.96548843383789,39.35801944732666,36.2230260848999,median
1446,0.5,34.34499354362488,38.62871780395508,36.2230260848999,median
1446,0.4,34.70297145843506,37.99316430091858,36.2230260848999,median
1446,0.3,35.05627031326294,37.51444664001465,36.2230260848999,median
1446,0.2,35.43722081184387,37.10725555419922,36.2230260848999,median
1446,0.1,35.80921573638916,36.66351990699768,36.2230260848999,median
1447,0.9,33.924949526786804,59.154701232910156,41.0099271774292,median
1447,0.8,35.12266464233399,51.561189842224124,41.0099271774292,median
1447,0.7,35.99862518310547,48.32726631164551,41.0099271774292,median
1447,0.6,36.76893973350525,46.73900890350342,41.0099271774292,median
1447,0.5,37.49265508651733,45.37040252685547,41.0099271774292,median
1447,0.4,38.080438232421876,44.40983009338379,41.0099271774292,median
1447,0.3,38.76144208908081,43.46029891967773,41.0099271774292,median
1447,0.2,39.42882375717163,42.55836687088013,41.0099271774292,median
1447,0.1,40.24491138458252,41.79446086883545,41.0099271774292,median
1448,0.9,32.350596046447755,41.51626214981079,36.09559669494629,median
1448,0.8,33.04433181285858,40.15603199005127,36.09559669494629,median
1448,0.7,33.57722269296646,39.27636528015137,36.09559669494629,median
1448,0.6,34.01915578842163,38.588536167144774,36.09559669494629,median
1448,0.5,34.359220838546754,38.074345111846924,36.09559669494629,median
1448,0.4,34.67458553314209,37.58831424713135,36.09559669494629,median
1448,0.3,35.04267902374268,37.166546535491946,36.09559669494629,median
1448,0.2,35.40593295097351,36.81466345787048,36.09559669494629,median
1448,0.1,35.75470337867737,36.45284805297852,36.09559669494629,median
1449,0.9,35.30964937210083,48.810297393798834,41.32387952804565,median
1449,0.8,36.524143314361574,47.08980236053467,41.32387952804565,median
1449,0.7,37.35012249946594,46.03766403198242,41.32387952804565,median
1449,0.6,37.990674781799314,44.98237314224243,41.32387952804565,median
1449,0.5,38.53178362846374,44.22442207336426,41.32387952804565,median
1449,0.4,39.16508407592774,43.59326095581055,41.32387952804565,median
1449,0.3,39.681257820129396,42.97179183959961,41.32387952804565,median
1449,0.2,40.23595066070557,42.40150098800659,41.32387952804565,median
1449,0.1,40.81517477035523,41.85991191864014,41.32387952804565,median
1450,0.9,34.14726452827453,43.86483182907104,38.73345398902893,median
1450,0.8,35.20576419830322,42.71525421142578,38.73345398902893,median
1450,0.7,35.90607738494873,41.8572829246521,38.73345398902893,median
1450,0.6,36.47023391723633,41.18400211334229,38.73345398902893,median
1450,0.5,36.94793620109558,40.673434829711915,38.73345398902893,median
1450,0.4,37.393067026138304,40.2659948348999,38.73345398902893,median
1450,0.3,37.69850969314575,39.81458806991577,38.73345398902893,median
1450,0.2,38.07555103302002,39.457880878448485,38.73345398902893,median
1450,0.1,38.38908624649048,39.09210824966431,38.73345398902893,median
1451,0.9,34.08715901374817,45.8400972366333,39.171852684021,median
1451,0.8,35.102098321914674,44.19936981201172,39.171852684021,median
1451,0.7,35.85099039077759,43.14106197357178,39.171852684021,median
1451,0.6,36.47378730773926,42.3061448097229,39.171852684021,median
1451,0.5,36.978279495239256,41.5913125038147,39.171852684021,median
1451,0.4,37.49816884994507,40.9679817199707,39.171852684021,median
1451,0.3,37.95208444595337,40.48261260986328,39.171852684021,median
1451,0.2,38.35568952560425,40.00646858215332,39.171852684021,median
1451,0.1,38.70887851715088,39.58688182830811,39.171852684021,median
1452,0.9,33.094669580459595,44.2177375793457,37.754135274887084,median
1452,0.8,34.05387816429138,42.49997797012329,37.754135274887084,median
1452,0.7,34.692010450363156,41.504116249084475,37.754135274887084,median
1452,0.6,35.23042829036713,40.78290414810181,37.754135274887084,median
1452,0.5,35.69632778167725,40.07289037704468,37.754135274887084,median
1452,0.4,36.166482543945314,39.54789924621582,37.754135274887084,median
1452,0.3,36.585719966888426,39.03297648429871,37.754135274887084,median
1452,0.2,37.00901546478271,38.61128988265991,37.754135274887084,median
1452,0.1,37.34577474594116,38.19845628738403,37.754135274887084,median
1453,0.9,32.716144871711734,43.9622745513916,36.35436120033264,median
1453,0.8,33.51152927875519,41.7982382774353,36.35436120033264,median
1453,0.7,34.03764843940735,40.57801685333252,36.35436120033264,median
1453,0.6,34.394781136512755,39.56785659790039,36.35436120033264,median
1453,0.5,34.74288358688354,38.82854022979736,36.35436120033264,median
1453,0.4,35.07866289615631,38.13537802696228,36.35436120033264,median
1453,0.3,35.42911195755005,37.57692151069641,36.35436120033264,median
1453,0.2,35.72677278518677,37.1251302242279,36.35436120033264,median
1453,0.1,36.02915773391724,36.769189071655276,36.35436120033264,median
1454,0.9,32.417537063360214,46.149048233032225,37.369630098342896,median
1454,0.8,33.15609871149063,43.98681011199951,37.369630098342896,median
1454,0.7,33.8041535615921,42.57610721588135,37.369630098342896,median
1454,0.6,34.32717144489288,41.55253162384033,37.369630098342896,median
1454,0.5,34.855051851272584,40.732642555236815,37.369630098342896,median
1454,0.4,35.354968190193176,39.96580543518066,37.369630098342896,median
1454,0.3,35.89762134552002,39.19322023391724,37.369630098342896,median
1454,0.2,36.40661020278931,38.59315128326416,37.369630098342896,median
1454,0.1,36.85521545410156,37.96397242546082,37.369630098342896,median
1455,0.9,31.619234359264375,37.176982688903806,33.61239868402481,median
1455,0.8,32.069999647140506,36.054049491882324,33.61239868402481,median
1455,0.7,32.35010080337524,35.44189879894257,33.61239868402481,median
1455,0.6,32.55334883928299,34.98357858657837,33.61239868402481,median
1455,0.5,32.75300115942955,34.66975283622742,33.61239868402481,median
1455,0.4,32.929359996318816,34.41774578094483,33.61239868402481,median
1455,0.3,33.10592917203903,34.19455509185791,33.61239868402481,median
1455,0.2,33.27272276878357,33.98376307487488,33.61239868402481,median
1455,0.1,33.42135180234909,33.7999853014946,33.61239868402481,median
1456,0.9,32.47172085046768,44.82276411056519,37.26078691482544,median
1456,0.8,33.35344910621643,43.112421131134035,37.26078691482544,median
1456,0.7,34.01841764450073,42.021314811706546,37.26078691482544,median
1456,0.6,34.47811737060547,40.97761106491089,37.26078691482544,median
1456,0.5,34.92925419807434,40.178922176361084,37.26078691482544,median
1456,0.4,35.37001452445984,39.42892761230469,37.26078691482544,median
1456,0.3,35.8173065662384,38.880205154418945,37.26078691482544,median
1456,0.2,36.307502365112306,38.36947650909424,37.26078691482544,median
1456,0.1,36.78305244445801,37.76558251380921,37.26078691482544,median
1457,0.9,31.526777863502502,37.49536733627319,33.987066054344176,median
1457,0.8,32.130830752849576,36.49493641853333,33.987066054344176,median
1457,0.7,32.443209022283554,35.92489533424377,33.987066054344176,median
1457,0.6,32.69888517856598,35.51353867053986,33.987066054344176,median
1457,0.5,32.962208688259125,35.17504153251648,33.987066054344176,median
1457,0.4,33.16785386800766,34.90616466999054,33.987066054344176,median
1457,0.3,33.37094622850418,34.6489586353302,33.987066054344176,median
1457,0.2,33.58718237876892,34.42438521385193,33.987066054344176,median
1457,0.1,33.790928554534915,34.20025103092193,33.987066054344176,median
1458,0.9,31.824360799789428,39.714933490753175,34.52264332771301,median
1458,0.8,32.31838958263397,38.11120166778564,34.52264332771301,median
1458,0.7,32.694268667697905,37.25525770187378,34.52264332771301,median
1458,0.6,32.99074374437332,36.66273627281189,34.52264332771301,median
1458,0.5,33.286370277404785,36.19906644821167,34.52264332771301,median
1458,0.4,33.54771184921265,35.77010612487793,34.52264332771301,median
1458,0.3,33.775749397277835,35.44670810699463,34.52264332771301,median
1458,0.2,33.997191071510315,35.10477538108826,34.52264332771301,median
1458,0.1,34.26001687049866,34.78263971805573,34.52264332771301,median
1459,0.9,34.80166645050049,49.7204065322876,40.91982898712158,median
1459,0.8,36.02478337287903,47.178889465332034,40.91982898712158,median
1459,0.7,37.00958623886108,45.87670402526855,40.91982898712158,median
1459,0.6,37.6989577293396,44.892177963256835,40.91982898712158,median
1459,0.5,38.34551086425781,43.90412340164185,40.91982898712158,median
1459,0.4,38.87272887229919,43.168119239807126,40.91982898712158,median
1459,0.3,39.34621858596802,42.52926340103149,40.91982898712158,median
1459,0.2,39.90341682434082,41.94806089401245,40.91982898712158,median
1459,0.1,40.407679843902585,41.38261775970459,40.91982898712158,median
1460,0.9,34.28737218379975,49.27456760406494,41.183398723602295,median
1460,0.8,35.76778826713562,46.893418312072754,41.183398723602295,median
1460,0.7,36.77479467391968,45.54593143463135,41.183398723602295,median
1460,0.6,37.59035701751709,44.57628154754639,41.183398723602295,median
1460,0.5,38.27941780090332,43.853854942321775,41.183398723602295,median
1460,0.4,38.95072793960571,43.24413089752197,41.183398723602295,median
1460,0.3,39.56874322891235,42.67339115142822,41.183398723602295,median
1460,0.2,40.10972204208374,42.16715059280396,41.183398723602295,median
1460,0.1,40.63287124633789,41.69503717422485,41.183398723602295,median
1461,0.9,34.22137761116028,51.22114582061768,40.46704549789429,median
1461,0.8,35.419552779197694,48.13781566619873,40.46704549789429,median
1461,0.7,36.29010705947876,46.17997989654541,40.46704549789429,median
1461,0.6,37.0639084815979,44.74990930557251,40.46704549789429,median
1461,0.5,37.70193347930908,43.886163330078126,40.46704549789429,median
1461,0.4,38.2484797000885,43.109544944763186,40.46704549789429,median
1461,0.3,38.79161629676819,42.3856746673584,40.46704549789429,median
1461,0.2,39.348163509368895,41.70258169174194,40.46704549789429,median
1461,0.1,39.90275421142578,41.020487785339355,40.46704549789429,median
1462,0.9,32.23959379196167,40.68312168121338,36.04429268836975,median
1462,0.8,33.08184862136841,39.383853626251224,36.04429268836975,median
1462,0.7,33.6356763958931,38.69014940261841,36.04429268836975,median
1462,0.6,34.00222461223602,38.138088130950926,36.04429268836975,median
1462,0.5,34.381147146224976,37.70244159698486,36.04429268836975,median
1462,0.4,34.72380578517914,37.340968656539914,36.04429268836975,median
1462,0.3,35.081847643852235,37.02709913253784,36.04429268836975,median
1462,0.2,35.42256865501404,36.69061965942383,36.04429268836975,median
1462,0.1,35.74258151054382,36.35644559860229,36.04429268836975,median
1463,0.9,32.46128115653992,43.35676307678223,35.41538634300232,median
1463,0.8,33.04019563198089,41.20602540969848,35.41538634300232,median
1463,0.7,33.42556973695755,39.65582103729248,35.41538634300232,median
1463,0.6,33.76194202899933,38.63232741355896,35.41538634300232,median
1463,0.5,34.046051907539365,37.769660758972165,35.41538634300232,median
1463,0.4,34.323111867904665,37.14456615447998,35.41538634300232,median
1463,0.3,34.55078678131103,36.530108547210695,35.41538634300232,median
1463,0.2,34.81730759143829,36.09983415603638,35.41538634300232,median
1463,0.1,35.10333299636841,35.70884747505188,35.41538634300232,median
1545,0.9,34.25815863609314,47.441366577148436,39.4651704788208,median
1545,0.8,35.2754668712616,45.141456031799315,39.4651704788208,median
1545,0.7,36.0044659614563,43.81310596466064,39.4651704788208,median
1545,0.6,36.63698019981384,42.91840171813965,39.4651704788208,median
1545,0.5,37.16090488433838,42.205611324310304,39.4651704788208,median
1545,0.4,37.66064033508301,41.47183361053467,39.4651704788208,median
1545,0.3,38.111864280700686,40.90521373748779,39.4651704788208,median
1545,0.2,38.52822380065918,40.36734199523926,39.4651704788208,median
1545,0.1,38.976281023025514,39.91245651245117,39.4651704788208,median
1546,0.9,32.591201084852216,46.02807674407959,37.14852209091187,median
1546,0.8,33.379363214969636,43.84992733001709,37.14852209091187,median
1546,0.7,33.988261461257935,42.44630374908447,37.14852209091187,median
1546,0.6,34.43867623806,41.34828119277954,37.14852209091187,median
1546,0.5,34.92640955448151,40.390781497955324,37.14852209091187,median
1546,0.4,35.38106286525726,39.52348041534424,37.14852209091187,median
1546,0.3,35.89122567176819,38.79189267158508,37.14852209091187,median
1546,0.2,36.279335737228394,38.19652037620544,37.14852209091187,median
1546,0.1,36.6963231086731,37.67819013595581,37.14852209091187,median
1547,0.9,32.39184691905975,45.85494766235352,37.029923391342166,median
1547,0.8,33.29384580850601,43.849470710754396,37.029923391342166,median
1547,0.7,33.80127093791962,42.332127475738524,37.029923391342166,median
1547,0.6,34.275737619400026,41.316705799102785,37.029923391342166,median
1547,0.5,34.735335850715636,40.368038940429685,37.029923391342166,median
1547,0.4,35.1254665851593,39.61269884109497,37.029923391342166,median
1547,0.3,35.593816542625426,38.945148944854736,37.029923391342166,median
1547,0.2,36.022740602493286,38.230211925506595,37.029923391342166,median
1547,0.1,36.56799163818359,37.594705200195314,37.029923391342166,median
1548,0.9,33.378536343574524,47.95370368957519,38.893143272399904,median
1548,0.8,34.414523696899415,45.461437129974364,38.893143272399904,median
1548,0.7,35.20804471969605,43.903669357299805,38.893143272399904,median
1548,0.6,35.891374588012695,42.820736694335935,38.893143272399904,median
1548,0.5,36.40466785430908,41.95374116897583,38.893143272399904,median
1548,0.4,36.95705013275146,41.18198165893555,38.893143272399904,median
1548,0.3,37.462986850738524,40.55912208557129,38.893143272399904,median
1548,0.2,37.98030772209167,39.95966939926147,38.893143272399904,median
1548,0.1,38.4002124786377,39.40330286026001,38.893143272399904,median
1549,0.9,33.25051622390747,44.461173152923585,37.4404378414154,median
1549,0.8,34.04869956970215,42.56376304626465,37.4404378414154,median
1549,0.7,34.61106352806091,41.412031936645505,37.4404378414154,median
1549,0.6,35.084333944320676,40.578378200531006,37.4404378414154,median
1549,0.5,35.51555569171906,39.852157020568846,37.4404378414154,median
1549,0.4,35.946949100494386,39.304237079620364,37.4404378414154,median
1549,0.3,36.3233540058136,38.76359515190124,37.4404378414154,median
1549,0.2,36.68694181442261,38.307218360900876,37.4404378414154,median
1549,0.1,37.0653169631958,37.847203207015994,37.4404378414154,median
1550,0.9,32.01679556369781,41.3766731262207,35.78579339981079,median
1550,0.8,32.770290195941925,40.040435218811034,35.78579339981079,median
1550,0.7,33.218748569488525,39.20371990203857,35.78579339981079,median
1550,0.6,33.69906911849976,38.5460542678833,35.78579339981079,median
1550,0.5,34.109964442253116,37.95572066307068,35.78579339981079,median
1550,0.4,34.47033338546753,37.44981441497803,35.78579339981079,median
1550,0.3,34.77604212760925,36.99394445419311,35.78579339981079,median
1550,0.2,35.07176103591919,36.59942369461059,35.78579339981079,median
1550,0.1,35.428659200668335,36.17868981361389,35.78579339981079,median
1551,0.9,32.43413988351822,43.576866436004636,36.38459720611572,median
1551,0.8,33.17924724817276,41.85140609741211,36.38459720611572,median
1551,0.7,33.65879092216492,40.78527565002442,36.38459720611572,median
1551,0.6,34.10040655136108,39.77744226455688,36.38459720611572,median
1551,0.5,34.422468185424805,38.931264543533324,36.38459720611572,median
1551,0.4,34.78562877178192,38.3667179107666,36.38459720611572,median
1551,0.3,35.21426079273224,37.80578989982605,36.38459720611572,median
1551,0.2,35.64673480987549,37.30596432685852,36.38459720611572,median
1551,0.1,36.0132438659668,36.85493049621582,36.38459720611572,median
1552,0.9,32.23221868276596,41.156876182556154,35.309675335884094,median
1552,0.8,32.832328939437865,39.5572865486145,35.309675335884094,median
1552,0.7,33.366421127319335,38.551583480834964,35.309675335884094,median
1552,0.6,33.72108780145645,37.84761219024658,35.309675335884094,median
1552,0.5,34.036987113952634,37.27036304473877,35.309675335884094,median
1552,0.4,34.29899365901947,36.752031087875366,35.309675335884094,median
1552,0.3,34.55697603225708,36.342037200927734,35.309675335884094,median
1552,0.2,34.79996292591095,35.96910285949707,35.309675335884094,median
1552,0.1,35.05802683830261,35.61103053092957,35.309675335884094,median
1553,0.9,32.026898050308226,41.031821727752686,35.67162871360779,median
1553,0.8,32.735255932807924,39.68435888290405,35.67162871360779,median
1553,0.7,33.21178727149963,38.89442772865296,35.67162871360779,median
1553,0.6,33.62991973161697,38.25469255447388,35.67162871360779,median
1553,0.5,33.99736552238464,37.73005676269531,35.67162871360779,median
1553,0.4,34.352356743812564,37.21321053504944,35.67162871360779,median
1553,0.3,34.68902418613434,36.781216096878055,35.67162871360779,median
1553,0.2,35.013027095794676,36.387835597991945,35.67162871360779,median
1553,0.1,35.333540558815,36.004158687591556,35.67162871360779,median
1554,0.9,32.278860688209534,44.5810245513916,36.209827470779416,median
1554,0.8,32.94867672920227,42.73206844329834,36.209827470779416,median
1554,0.7,33.49715757369995,41.39211235046387,36.209827470779416,median
1554,0.6,33.93049161434173,40.17489500045777,36.209827470779416,median
1554,0.5,34.305237197875975,39.345549964904784,36.209827470779416,median
1554,0.4,34.74170877933502,38.5496123790741,36.209827470779416,median
1554,0.3,35.07987139225006,37.831417655944826,36.209827470779416,median
1554,0.2,35.433956670761106,37.203382921218875,36.209827470779416,median
1554,0.1,35.81254425048828,36.68622212409973,36.209827470779416,median
1555,0.9,32.64901626110077,42.46269569396973,36.99884967803955,median
1555,0.8,33.513976740837094,41.13224534988403,36.99884967803955,median
1555,0.7,34.07985224723816,40.20518894195557,36.99884967803955,median
1555,0.6,34.604747247695926,39.60728979110718,36.99884967803955,median
1555,0.5,35.00153501033783,39.123685359954834,36.99884967803955,median
1555,0.4,35.39881887435913,38.588949012756345,36.99884967803955,median
1555,0.3,35.747857093811035,38.144798803329465,36.99884967803955,median
1555,0.2,36.14046812057495,37.73762488365173,36.99884967803955,median
1555,0.1,36.58093705177307,37.333623266220094,36.99884967803955,median
1556,0.9,31.595473527908325,38.81333618164062,34.09542021751404,median
1556,0.8,32.15324511528015,37.619871616363525,34.09542021751404,median
1556,0.7,32.546894907951355,36.86526622772217,34.09542021751404,median
1556,0.6,32.79786673784256,36.254935359954835,34.09542021751404,median
1556,0.5,33.03400831222534,35.76595277786255,34.09542021751404,median
1556,0.4,33.23616533279419,35.350940799713136,34.09542021751404,median
1556,0.3,33.47631101608276,34.982834649086,34.09542021751404,median
1556,0.2,33.671803176403046,34.67232003211975,34.09542021751404,median
1556,0.1,33.86007332801819,34.34691572189331,34.09542021751404,median
1557,0.9,32.143909740447995,41.392350101470946,36.293077659606936,median
1557,0.8,32.94627368450165,40.137165546417236,36.293077659606936,median
1557,0.7,33.55233597755432,39.43438730239868,36.293077659606936,median
1557,0.6,34.00496604442596,38.809999513626096,36.293077659606936,median
1557,0.5,34.377118253707884,38.253540706634524,36.293077659606936,median
1557,0.4,34.77661161422729,37.75008749961853,36.293077659606936,median
1557,0.3,35.14493169784546,37.376428318023684,36.293077659606936,median
1557,0.2,35.49615302085876,36.98460521697998,36.293077659606936,median
1557,0.1,35.87642331123352,36.67939987182617,36.293077659606936,median
1558,0.9,32.482175135612486,41.69691514968872,36.34387784004211,median
1558,0.8,33.25986211299896,40.510614013671876,36.34387784004211,median
1558,0.7,33.776458251476285,39.64503297805786,36.34387784004211,median
1558,0.6,34.20621819496155,38.944316387176514,36.34387784004211,median
1558,0.5,34.632290959358215,38.37790508270264,36.34387784004211,median
1558,0.4,35.017638778686525,37.87967853546142,36.34387784004211,median
1558,0.3,35.34120202064514,37.48521270751953,36.34387784004211,median
1558,0.2,35.711564016342166,37.11507301330566,36.34387784004211,median
1558,0.1,36.05751233100891,36.721210145950316,36.34387784004211,median
1559,0.9,33.309895718097685,45.2718002319336,38.36346406936646,median
1559,0.8,34.245369005203244,44.006891059875485,38.36346406936646,median
1559,0.7,34.899850964546204,42.91452560424805,38.36346406936646,median
1559,0.6,35.48974575996399,41.86658954620361,38.36346406936646,median
1559,0.5,35.98637328147888,41.14530191421509,38.36346406936646,median
1559,0.4,36.44974398612976,40.539205932617186,38.36346406936646,median
1559,0.3,36.86056656837464,39.95697603225708,38.36346406936646,median
1559,0.2,37.33906021118164,39.384043312072755,38.36346406936646,median
1559,0.1,37.90933218002319,38.83942914009094,38.36346406936646,median
1560,0.9,34.62295579910278,54.663428497314456,40.56171417236328,median
1560,0.8,35.711900901794436,49.45389537811279,40.56171417236328,median
1560,0.7,36.5623263835907,46.94525318145752,40.56171417236328,median
1560,0.6,37.15938653945923,45.37684841156006,40.56171417236328,median
1560,0.5,37.74935193061829,44.33406133651734,40.56171417236328,median
1560,0.4,38.27514729499817,43.401444816589354,40.56171417236328,median
1560,0.3,38.849755859375,42.60814781188965,40.56171417236328,median
1560,0.2,39.407120609283446,41.87534341812134,40.56171417236328,median
1560,0.1,39.99442911148071,41.15156412124634,40.56171417236328,median
1561,0.9,33.67177023887634,48.83383216857911,40.05037097930908,median
1561,0.8,34.829612493515015,46.82536659240723,40.05037097930908,median
1561,0.7,35.674228525161745,45.338253784179685,40.05037097930908,median
1561,0.6,36.3888436794281,44.28709993362427,40.05037097930908,median
1561,0.5,37.049295806884764,43.40371332168579,40.05037097930908,median
1561,0.4,37.74409995079041,42.672824668884275,40.05037097930908,median
1561,0.3,38.365983200073245,41.98411235809326,40.05037097930908,median
1561,0.2,38.9011971950531,41.303218364715576,40.05037097930908,median
1561,0.1,39.490489673614505,40.67259111404419,40.05037097930908,median
1562,0.9,34.040638136863706,64.87251167297364,42.28050031661987,median
1562,0.8,35.1505448102951,60.58261833190918,42.28050031661987,median
1562,0.7,36.18574724197388,56.290680503845216,42.28050031661987,median
1562,0.6,37.169898223876956,52.038968086242676,42.28050031661987,median
1562,0.5,38.05803728103638,49.30355262756348,42.28050031661987,median
1562,0.4,38.98545503616333,47.36050720214844,42.28050031661987,median
1562,0.3,39.73803310394287,45.74576244354248,42.28050031661987,median
1562,0.2,40.594009685516355,44.35812911987305,42.28050031661987,median
1562,0.1,41.40877552032471,43.32938995361328,42.28050031661987,median
1563,0.9,33.080635726451874,56.73429985046387,40.85853042602539,median
1563,0.8,33.9865124464035,51.762732315063474,40.85853042602539,median
1563,0.7,34.80901741981506,49.11399383544922,40.85853042602539,median
1563,0.6,35.73452930450439,47.176523971557614,40.85853042602539,median
1563,0.5,36.52906742095947,45.71430377960205,40.85853042602539,median
1563,0.4,37.33923187255859,44.58096790313721,40.85853042602539,median
1563,0.3,38.184103679656985,43.58390712738037,40.85853042602539,median
1563,0.2,39.133651161193846,42.52470235824585,40.85853042602539,median
1563,0.1,40.017091846466066,41.61674499511719,40.85853042602539,median
1564,0.9,32.6798481464386,45.43009948730469,37.5055365562439,median
1564,0.8,33.56599550247192,43.165360641479495,37.5055365562439,median
1564,0.7,34.31871476173401,41.871776294708255,37.5055365562439,median
1564,0.6,34.834995579719546,40.963473892211915,37.5055365562439,median
1564,0.5,35.301592874526975,40.20235137939453,37.5055365562439,median
1564,0.4,35.7948326587677,39.558774852752684,37.5055365562439,median
1564,0.3,36.21454129219055,39.00454206466675,37.5055365562439,median
1564,0.2,36.667760372161865,38.410151672363284,37.5055365562439,median
1564,0.1,37.086297845840456,37.90894680023193,37.5055365562439,median
1565,0.9,34.00031938552856,50.96440048217774,39.92837896347046,median
1565,0.8,34.954543995857236,47.20885810852051,39.92837896347046,median
1565,0.7,35.731664705276486,45.50373706817627,39.92837896347046,median
1565,0.6,36.41224842071533,44.40644235610962,39.92837896347046,median
1565,0.5,37.00880560874939,43.40297002792359,39.92837896347046,median
1565,0.4,37.568946552276614,42.62488050460816,39.92837896347046,median
1565,0.3,38.148558616638184,41.873190784454344,39.92837896347046,median
1565,0.2,38.76612329483032,41.150185680389406,39.92837896347046,median
1565,0.1,39.27985515594482,40.543427085876466,39.92837896347046,median
1566,0.9,34.285200238227844,44.710319900512694,38.75402460098267,median
1566,0.8,35.13814227581024,43.27710962295532,38.75402460098267,median
1566,0.7,35.83403539657593,42.27406558990479,38.75402460098267,median
1566,0.6,36.309094524383546,41.54967861175537,38.75402460098267,median
1566,0.5,36.77884244918823,40.950032806396486,38.75402460098267,median
1566,0.4,37.21002621650696,40.40749530792236,38.75402460098267,median
1566,0.3,37.583572959899904,39.95061855316162,38.75402460098267,median
1566,0.2,37.992333030700685,39.57444925308228,38.75402460098267,median
1566,0.1,38.38002338409424,39.190194272994994,38.75402460098267,median
1571,0.9,32.83208303451538,43.300147438049315,37.29564275741577,median
1571,0.8,33.78141164779663,41.78877544403076,37.29564275741577,median
1571,0.7,34.37405409812927,40.87598152160645,37.29564275741577,median
1571,0.6,34.876007199287415,40.149848747253415,37.29564275741577,median
1571,0.5,35.316246318817136,39.53960628509522,37.29564275741577,median
1571,0.4,35.75831642150879,39.01910452842712,37.29564275741577,median
1571,0.3,36.116094779968265,38.60448694229126,37.29564275741577,median
1571,0.2,36.52840394973755,38.16644101142883,37.29564275741577,median
1571,0.1,36.90267124176025,37.73286771774292,37.29564275741577,median
1572,0.9,33.73148908615112,46.40486145019531,39.503431224823,median
1572,0.8,34.751000380516054,44.89453916549682,39.503431224823,median
1572,0.7,35.46863656044006,43.91488914489746,39.503431224823,median
1572,0.6,36.13914289474487,43.05841217041016,39.503431224823,median
1572,0.5,36.70312347412109,42.30214338302612,39.503431224823,median
1572,0.4,37.30626859664917,41.69151554107666,39.503431224823,median
1572,0.3,37.91273021697998,41.13767585754395,39.503431224823,median
1572,0.2,38.356909608840944,40.58988380432129,39.503431224823,median
1572,0.1,38.8952675819397,40.07970533370972,39.503431224823,median
1573,0.9,32.80147312879562,41.217288970947266,35.645088577270506,median
1573,0.8,33.34120943546295,39.55979194641113,35.645088577270506,median
1573,0.7,33.73132836818695,38.577769136428834,35.645088577270506,median
1573,0.6,34.06963646411896,37.765874767303465,35.645088577270506,median
1573,0.5,34.387462568283084,37.30746335983277,35.645088577270506,median
1573,0.4,34.6417218208313,36.92502841949463,35.645088577270506,median
1573,0.3,34.90499222278595,36.579442739486694,35.645088577270506,median
1573,0.2,35.14180359840393,36.241483974456784,35.645088577270506,median
1573,0.1,35.38811299800873,35.95026087760925,35.645088577270506,median
1574,0.9,33.29417400360107,46.93353042602539,37.97030200958252,median
1574,0.8,33.997302651405334,44.44366712570191,37.97030200958252,median
1574,0.7,34.426900482177736,43.14455013275146,37.97030200958252,median
1574,0.6,34.90719356536865,42.20814590454101,37.97030200958252,median
1574,0.5,35.3909175157547,41.2807092666626,37.97030200958252,median
1574,0.4,35.83965129852295,40.59582929611206,37.97030200958252,median
1574,0.3,36.32745370864868,39.92468910217285,37.97030200958252,median
1574,0.2,36.80760860443115,39.31616325378418,37.97030200958252,median
1574,0.1,37.39850869178772,38.634520816802976,37.97030200958252,median
1575,0.9,32.62681293487549,42.42026872634888,37.065626811981204,median
1575,0.8,33.587340092659,41.16287403106689,37.065626811981204,median
1575,0.7,34.2103985786438,40.28210439682007,37.065626811981204,median
1575,0.6,34.788694858551025,39.61706676483154,37.065626811981204,median
1575,0.5,35.19088222980499,39.104924058914186,37.065626811981204,median
1575,0.4,35.54491429328918,38.58731050491333,37.065626811981204,median
1575,0.3,35.94555263519287,38.12701210975647,37.065626811981204,median
1575,0.2,36.35703740119934,37.763984775543214,37.065626811981204,median
1575,0.1,36.67659192085266,37.407391738891604,37.065626811981204,median
1577,0.9,32.30837635993957,42.4985068321228,35.58746120929718,median
1577,0.8,33.01413668394089,40.38454246520996,35.58746120929718,median
1577,0.7,33.45793981552124,39.20756168365479,35.58746120929718,median
1577,0.6,33.792692482471466,38.34918484687805,35.58746120929718,median
1577,0.5,34.0969407081604,37.65467596054077,35.58746120929718,median
1577,0.4,34.41442155838013,37.0814471244812,35.58746120929718,median
1577,0.3,34.667873573303225,36.6385260105133,35.58746120929718,median
1577,0.2,34.97563495635986,36.266172313690184,35.58746120929718,median
1577,0.1,35.23613924980164,35.91836748123169,35.58746120929718,median
1634,0.9,32.3778618812561,40.702728843688966,35.438179111480714,median
1634,0.8,32.97151981592178,39.21670265197754,35.438179111480714,median
1634,0.7,33.379041242599484,38.34700946807861,35.438179111480714,median
1634,0.6,33.755729174613954,37.724909925460814,35.438179111480714,median
1634,0.5,34.09981217384338,37.158314085006715,35.438179111480714,median
1634,0.4,34.382961821556094,36.694395780563354,35.438179111480714,median
1634,0.3,34.64309189319611,36.323234701156615,35.438179111480714,median
1634,0.2,34.91751577854156,35.998894691467285,35.438179111480714,median
1634,0.1,35.162127661705014,35.71492772102356,35.438179111480714,median
1635,0.9,34.31452407836914,49.2497745513916,40.49526748657227,median
1635,0.8,35.5319030046463,46.7282096862793,40.49526748657227,median
1635,0.7,36.39352402687073,45.280715465545654,40.49526748657227,median
1635,0.6,37.132006549835204,44.37221221923828,40.49526748657227,median
1635,0.5,37.786085319519046,43.583623027801515,40.49526748657227,median
1635,0.4,38.32611355781555,42.91880340576172,40.49526748657227,median
1635,0.3,38.86009588241577,42.2202317237854,40.49526748657227,median
1635,0.2,39.45644664764404,41.58444347381592,40.49526748657227,median
1635,0.1,39.96925582885742,41.01303081512451,40.49526748657227,median
1636,0.9,31.556049239635467,37.27652697563171,33.834494066238406,median
1636,0.8,32.01081085801125,36.3001166343689,33.834494066238406,median
1636,0.7,32.3247531235218,35.78626589775085,33.834494066238406,median
1636,0.6,32.60691748857498,35.357058596611026,33.834494066238406,median
1636,0.5,32.854651141166684,34.99415636062622,33.834494066238406,median
1636,0.4,33.08523582220077,34.73467345237732,33.834494066238406,median
1636,0.3,33.25884083509445,34.496966862678526,33.834494066238406,median
1636,0.2,33.451452302932736,34.25435419082642,33.834494066238406,median
1636,0.1,33.64862942695618,34.03377296924591,33.834494066238406,median
1637,0.9,31.607970476150513,36.202092838287356,33.3381666302681,median
1637,0.8,31.985406959056853,35.28901546001434,33.3381666302681,median
1637,0.7,32.253404915332794,34.83634204864502,33.3381666302681,median
1637,0.6,32.440925657749176,34.493970727920534,33.3381666302681,median
1637,0.5,32.65179438591004,34.23785603046417,33.3381666302681,median
1637,0.4,32.7937252998352,34.01543717384338,33.3381666302681,median
1637,0.3,32.943177664279936,33.8285968542099,33.3381666302681,median
1637,0.2,33.07485781908035,33.646362853050235,33.3381666302681,median
1637,0.1,33.204083108901976,33.47761135101318,33.3381666302681,median
1638,0.9,32.49264943003654,42.252813053131106,36.53068833351135,median
1638,0.8,33.260932528972624,40.73648347854614,36.53068833351135,median
1638,0.7,33.83784124851227,39.775736808776855,36.53068833351135,median
1638,0.6,34.32649767398834,39.09748725891113,36.53068833351135,median
1638,0.5,34.737578177452086,38.51878070831299,36.53068833351135,median
1638,0.4,35.11995711326599,38.066793298721315,36.53068833351135,median
1638,0.3,35.474075651168825,37.697060871124265,36.53068833351135,median
1638,0.2,35.78218851089478,37.2870270729065,36.53068833351135,median
1638,0.1,36.15932040214538,36.937352418899536,36.53068833351135,median
1639,0.9,31.552756667137146,38.844127082824706,33.83220732212067,median
1639,0.8,31.993608725070953,37.076723432540895,33.83220732212067,median
1639,0.7,32.28596682548523,36.17592091560364,33.83220732212067,median
1639,0.6,32.58447458744049,35.59575781822205,33.83220732212067,median
1639,0.5,32.78565700054169,35.130728650093076,33.83220732212067,median
1639,0.4,33.003836357593535,34.78729410171509,33.83220732212067,median
1639,0.3,33.221264159679414,34.45923933982849,33.83220732212067,median
1639,0.2,33.44305130243301,34.22279360294342,33.83220732212067,median
1639,0.1,33.63072772026062,34.03842928409576,33.83220732212067,median
1641,0.9,31.551017308235167,37.89088459014893,34.027628779411316,median
1641,0.8,32.04361153841019,36.875141048431395,34.027628779411316,median
1641,0.7,32.42222315073013,36.191745090484616,34.027628779411316,median
1641,0.6,32.74121687412262,35.69326491355896,34.027628779411316,median
1641,0.5,32.99903938770294,35.38051590919495,34.027628779411316,median
1641,0.4,33.191076970100404,35.04433512687683,34.027628779411316,median
1641,0.3,33.419040489196775,34.75766105651856,34.027628779411316,median
1641,0.2,33.62607741355896,34.49222900867462,34.027628779411316,median
1641,0.1,33.81588854789734,34.23962843418121,34.027628779411316,median
1642,0.9,32.06523443460465,40.165363502502444,35.136354207992554,median
1642,0.8,32.656826210021975,38.93780827522278,35.136354207992554,median
1642,0.7,33.0720453619957,38.010240745544436,35.136354207992554,median
1642,0.6,33.44236261844635,37.43568539619446,35.136354207992554,median
1642,0.5,33.79166176319122,36.955900001525876,35.136354207992554,median
1642,0.4,34.08736264705658,36.46785168647766,35.136354207992554,median
1642,0.3,34.325856518745425,36.11730070114136,35.136354207992554,median
1642,0.2,34.58905138969421,35.766780614852905,35.136354207992554,median
1642,0.1,34.86965594291687,35.4483208656311,35.136354207992554,median
1643,0.9,32.33882050514221,42.97999811172485,36.48976254463196,median
1643,0.8,33.20819697380066,40.98800430297852,36.48976254463196,median
1643,0.7,33.77418041229248,39.88376760482788,36.48976254463196,median
1643,0.6,34.23254160881042,39.194588804244994,36.48976254463196,median
1643,0.5,34.67071177959442,38.60415349006653,36.48976254463196,median
1643,0.4,35.07434046268463,38.082493448257445,36.48976254463196,median
1643,0.3,35.45017287731171,37.62947735786438,36.48976254463196,median
1643,0.2,35.81716022491455,37.23962278366089,36.48976254463196,median
1643,0.1,36.156465673446654,36.876421213150024,36.48976254463196,median
1644,0.9,31.919179034233093,40.15627145767212,34.90141758918762,median
1644,0.8,32.48911604881287,38.74213018417358,34.90141758918762,median
1644,0.7,32.8630894780159,37.99015636444092,34.90141758918762,median
1644,0.6,33.18268079757691,37.30367994308472,34.90141758918762,median
1644,0.5,33.468945670127866,36.82523908615112,34.90141758918762,median
1644,0.4,33.78448696136475,36.36348156929016,34.90141758918762,median
1644,0.3,34.08852436542511,35.96087856292725,34.90141758918762,median
1644,0.2,34.318932342529294,35.54927299022675,34.90141758918762,median
1644,0.1,34.64784712791443,35.228135108947754,34.90141758918762,median
1645,0.9,31.929129815101625,40.840711975097655,35.22911508083344,median
1645,0.8,32.57582263946533,39.36378898620605,35.22911508083344,median
1645,0.7,33.05123549699783,38.45377383232117,35.22911508083344,median
1645,0.6,33.40726076364517,37.6444149017334,35.22911508083344,median
1645,0.5,33.76886180639267,37.107721614837644,35.22911508083344,median
1645,0.4,34.07258539199829,36.615575313568115,35.22911508083344,median
1645,0.3,34.369339847564696,36.22511305809021,35.22911508083344,median
1645,0.2,34.67445635795593,35.85673160552979,35.22911508083344,median
1645,0.1,34.94274699687958,35.52769300937653,35.22911508083344,median
1649,0.9,32.11790572404861,43.11331634521484,35.21558730602264,median
1649,0.8,32.73478397130966,40.639752292633055,35.21558730602264,median
1649,0.7,33.18181025981903,39.36604719161987,35.21558730602264,median
1649,0.6,33.49511158466339,38.392020797729494,35.21558730602264,median
1649,0.5,33.78887119293213,37.6061348438263,35.21558730602264,median
1649,0.4,34.06701991558075,36.9995903968811,35.21558730602264,median
1649,0.3,34.34399211406708,36.43496823310852,35.21558730602264,median
1649,0.2,34.635858511924745,36.01239371299744,35.21558730602264,median
1649,0.1,34.91698513031006,35.56303100585937,35.21558730602264,median
1652,0.9,34.785158205032346,47.00398540496826,40.16542959213257,median
1652,0.8,35.963784790039064,45.20373220443726,40.16542959213257,median
1652,0.7,36.82741403579712,44.18246030807495,40.16542959213257,median
1652,0.6,37.40830926895141,43.3245491027832,40.16542959213257,median
1652,0.5,37.91291303634644,42.68158540725708,40.16542959213257,median
1652,0.4,38.39857997894287,42.086328983306885,40.16542959213257,median
1652,0.3,38.84692859649658,41.57641315460205,40.16542959213257,median
1652,0.2,39.29509353637695,41.1237566947937,40.16542959213257,median
1652,0.1,39.69950971603394,40.57221040725708,40.16542959213257,median
